
{
    "PLAN": {
        "BASIC": {
            "id": 1,
            "name": "Basic",
            "price": 0,
            "resources": {
                "cpu": 80,
                "ram": 1024,
                "disk": 10,
                "server": 2
            }
        },
        "PREMIUM": {
            "id": 2,
            "name": "Premium",
            "price": 4000,
            "resources": {
                "cpu": 200,
                "ram": 4096,
                "disk": 20,
                "server": 3
        
            }
        },
        "PRO": {
            "id": 3,
            "name": "Pro",
            "price": 8000,
            "resources": {
                "cpu": 400,
                "ram": 8192,
                "disk": 30,
                "server": 4    }
            },
            "PROMAX": {
                "id": 3,
                "name": "ProMAX",
                "price": 12000,
                "resources": {
                    "cpu": 600,
                    "ram": 8192,
                    "disk": 40,
                    "server": 7




            }
        }
    }
}
